[
  {
    "fname": "",
    "lname": "",
    "occupation_cat": "Computer",
    "occupation": "Designer",
    "email": "",
    "password": "243"
  },
  {
    "fname": "",
    "lname": "",
    "occupation_cat": "Healthcare",
    "occupation": "Physician Associate",
    "email": "",
    "password": "4657uygty"
  },
  {
    "fname": "fqvf",
    "lname": "fvfsv",
    "occupation_cat": "Computer",
    "occupation": "Web Developer",
    "email": "vafa@",
    "password": "fwvsfvfg"
  },
  {
    "fname": "wdfacf",
    "lname": "evcdewvc",
    "occupation_cat": "Scientific",
    "occupation": "Biological Technicians",
    "email": "fdswa",
    "password": "fcrvv"
  },
  {
    "fname": "hkm",
    "lname": "bjkh",
    "occupation_cat": "Healthcare",
    "occupation": "Occupational Therapist",
    "email": "bjlhnkn",
    "password": "bhubhk"
  },
  {
    "fname": "hkm",
    "lname": "bjkh",
    "occupation_cat": "Healthcare",
    "occupation": "Occupational Therapist",
    "email": "bjlhnkn",
    "password": "bhubhk"
  },
  {
    "fname": "hkm",
    "lname": "bjkh",
    "occupation_cat": "Healthcare",
    "occupation": "Occupational Therapist",
    "email": "bjlhnkn",
    "password": "bhubhk"
  },
  {
    "fname": "hkm",
    "lname": "bjkh",
    "occupation_cat": "Healthcare",
    "occupation": "Occupational Therapist",
    "email": "bjlhnkn",
    "password": "bhubhk"
  },
  {
    "fname": "hjol",
    "lname": "rtybu",
    "occupation_cat": "Computer",
    "occupation": "Statistician",
    "email": "khhonj",
    "password": "77777777"
  },
  {
    "fname": "hjol",
    "lname": "rtybu",
    "occupation_cat": "Computer",
    "occupation": "Statistician",
    "email": "khhonj",
    "password": "77777777"
  },
  {
    "fname": "hjol",
    "lname": "rtybu",
    "occupation_cat": "Computer",
    "occupation": "Statistician",
    "email": "khhonj",
    "password": "77777777"
  },
  {
    "fname": "aaaaa",
    "lname": "bbbbb",
    "occupation_cat": "Computer",
    "occupation": "Data Analyst",
    "email": "asdfg@",
    "password": "12345"
  },
  {
    "fname": "aaaaa",
    "lname": "bbbbb",
    "occupation_cat": "Computer",
    "occupation": "Designer",
    "email": "abcd@abcd",
    "password": "12345"
  },
  {
    "fname": "aaaaa",
    "lname": "bbbbb",
    "occupation_cat": "Computer",
    "occupation": "Designer",
    "email": "abcd@abcde",
    "password": "1234"
  }
]